label,message
1,loving my new <hashtag> iphone 6 </hashtag>
1,iphone <number> in full effect at tag all day everyday <hashtag> mac life </hashtag> <hashtag> apple </hashtag> <hashtag> iphone 6 </hashtag> <hashtag> whats up at tag </hashtag> <hashtag> like a boss </hashtag> black or white <url>
1,<hashtag> win </hashtag> an <hashtag> iphone 6 </hashtag> sweepstakes <url>
1,early morning i phone masters training <hashtag> apple </hashtag> <hashtag> iphone 6 </hashtag>
-1,remote control iphone <number> <url> <hashtag> ios </hashtag> <hashtag> mobile </hashtag> <hashtag> apple </hashtag> <hashtag> iphone </hashtag> <hashtag> tech </hashtag> <hashtag> it </hashtag> <hashtag> android </hashtag> <hashtag> support </hashtag> <hashtag> iphone 6 </hashtag> <hashtag> 6 plus </hashtag> <hashtag> lollipop </hashtag>
-1,i keep dropping this big ass phone on my face n <hashtag> iphone 6 </hashtag>
-1,see its just not me that criticizes apple even wozniak is on my side <url> <hashtag> apple </hashtag> <hashtag> iphone 6 </hashtag>
-1,<hashtag> steve wozniak </hashtag> <hashtag> iphone 6 </hashtag> steve wozniak better known as woz has criticised apple for releasing the iphone <url> <hashtag> iphone </hashtag>
1,<user> hoping my hopes will come to me <hashtag> win </hashtag> <hashtag> iphone 6 </hashtag> <hashtag> competition </hashtag>
1,about to go from an ancient iphone ive have for <number> years to the iphone6
1,be sure to check out my video on how i edit <hashtag> instagram </hashtag> photos <url> <hashtag> youtuber </hashtag> <hashtag> iphone 6 </hashtag>
-1,survived a massive car crash <number> days ago but my <hashtag> iphone 6 </hashtag> now is the newest vic of the <hashtag> bendgate </hashtag> bad new after bad night
1,my iphone6 has shipped woot
-1,i wont be getting <hashtag> iphone 6 </hashtag> u nnthe tragic poetry of a foxconn factory worker who committed suicide <url> via <user>
-1,currently writing to ms badu didnt chu know <hashtag> good energy </hashtag> <hashtag> droid phone </hashtag> <hashtag> iphone 6 </hashtag> <hashtag> motivated </hashtag> <hashtag> sprite d </hashtag> <hashtag> zoned </hashtag>
1,<hashtag> iphone 6 </hashtag> <hashtag> galaxy s5 </hashtag> the iphone <number> and the samsung galaxy s5 are two of the hottest smartphones out in the <url> <hashtag> iphone </hashtag>
-1,good says that <hashtag> iphone 6 </hashtag> is taking back the enterprise at the expense of <hashtag> android </hashtag> <url>
-1,feeling guilty if i go get the <hashtag> iphone 6 </hashtag> you nnwill apple give chinese iphone workers cancer <url> via <user>
-1,steve wozniak says the iphone6 is three years late to the market <url> glad he tells us how he really feels
1,yaaaay finally got my <hashtag> iphone 6 </hashtag>
1,new work phone dont mind if i do <hashtag> apple </hashtag> <hashtag> iphone 6 </hashtag> <hashtag> eye candy </hashtag> at t corporate office <url>
1,uh oh look what i may have got myself today <hashtag> iphone 6 </hashtag> <hashtag> apple </hashtag> <hashtag> upgrade </hashtag> <hashtag> love it </hashtag> <hashtag> phone </hashtag> <hashtag> treat </hashtag> <hashtag> happy </hashtag> <url>
1,in related news guess who had to run all over town to find a iphone6 in stock yesterday <hashtag> apple conspiracy </hashtag> <url>
-1,this iphone6 plus screen big as hell
-1,rip iphone4s just stopped working yesterday coincidence that iphone6 just released i think not <hashtag> conspiracy theory </hashtag> <url>
1,when i come back from new york in a week im getting my iphone6
-1,since iphone6 launch <number> mobile pay blocked <number> watch not interesting <number> wozniak says too late and stock soars <hashtag> bad apples </hashtag> <user>
1,<hashtag> iphone 6 </hashtag> <hashtag> galaxy s5 </hashtag> the iphone <number> and the samsung galaxy s5 are two of the hottest smartphon <url> <hashtag> apple </hashtag> <hashtag> iphone </hashtag>
-1,<hashtag> iphone 5 </hashtag> <hashtag> iphone 6 </hashtag> back in <date> when iphone <number> was released all was not well and t <url> <hashtag> apple </hashtag> <hashtag> iphone </hashtag>
1,the iris <hashtag> on that iphone </hashtag> <hashtag> iphone only </hashtag> <hashtag> iphone 6 </hashtag> <url>
-1,<hashtag> iphone 6 </hashtag> giitaleah steve wozniak better known as woz has criticised apple for releasing the i <url> iphone <number>
1,i love my iphone6 plus
1,im bout to get another number soon as i get the iphone6
-1,<user> but if the girl refused the boy at least she appreciate the effort dapetin <number> iphone6 gak gampang <sad>
-1,<hashtag> apple </hashtag> <hashtag> iphone 6 </hashtag> is three years too late <hashtag> steve wozniak </hashtag> <url>
-1,<hashtag> iphone 6 </hashtag> <hashtag> iphone 6 plus </hashtag> in an effort to meet demand this holiday season apple assembly partn <url> <hashtag> apple </hashtag> <hashtag> iphone </hashtag>
-1,for all us new <hashtag> iphone 6 </hashtag> users how many are still clicking the upper right corner i know i am <hashtag> old habits die hard </hashtag>
-1,i think siri got worse on the new <hashtag> iphone 6 </hashtag> this phone is not worth the money
1,its heeeere <hashtag> iphone 6 </hashtag> <url>
1,<user> ive had my iphone6 <number> weeks now and no issues im happy with it <tong>
1,wanted to share this piece of awesomenessgolden apples <hashtag> iphone 6 </hashtag> <hashtag> apple </hashtag> <hashtag> gold </hashtag> <hashtag> diamonds </hashtag> <url> <url>
1,my parents bout me an iphone6 im screaming and sobbing
1,really want the <hashtag> iphone 6 </hashtag>
1,this is what my iphone screen looks like until my iphone6 comes in from back order <url>
-1,<hashtag> iphone 6 </hashtag> <hashtag> iphone 6 plus </hashtag> blocking wirelurker apple opens the pandoras box of security iphone <url> <hashtag> apple </hashtag> <hashtag> iphone </hashtag>
-1,the only thing worse than your <hashtag> iphone 6 </hashtag> bending is the fact that it comes with the new u2 <url>
1,<user> love to win <hashtag> win </hashtag> iphone6 <hashtag> iphone 6 </hashtag> lets be lucky d d <hashtag> competition </hashtag>
1,still waiting for my <hashtag> iphone 6 </hashtag> i defently need a new one <sad> <hashtag> waiting for forever </hashtag>
1,battery life on iphone6 is too good
1,got the <hashtag> iphone 6 </hashtag> n <hashtag> holla </hashtag>
1,im really digging my new phone right now <hashtag> iphone 6 </hashtag>
1,<hashtag> oomf </hashtag> said ever since i got da iphone6 i take hell of selfie
1,back to the iphone <hashtag> iphone 6 </hashtag> <hashtag> get here soon </hashtag>
1,ive moved up in the world iphone6
1,got my black <hashtag> iphone 6 </hashtag> to day its freaking awesome way better than my iphone <number> i was using
1,purchasing iphone6 in the process <url>
1,i have found god his name is <hashtag> iphone 6 </hashtag> insert angelic choirs
1,<user> its like xmas in phone form revelation from god i see the light <hashtag> iphone 6 </hashtag> <hashtag> where have you been all my life </hashtag>
1,i cant think of a better use of <money> than a gold plated iphone6 w diamond encrusted apple logo how do they anticipate my needs so well
-1,it is not a myth iphone 6 s do bend it only took a month to find this out <hashtag> iphone 6 </hashtag> <hashtag> bendgate </hashtag>
1,todays sunset taken by the iphone <number> <hashtag> beauty wherever </hashtag> <hashtag> iphone 6 </hashtag> <hashtag> pic of the day </hashtag> <hashtag> the elements </hashtag> <url>
1,unofficial pmr result for my niece dah kuar my sister dah kena standby iphone6 for her <hashtag> kids nowdays </hashtag>
-1,well after i ordered the iphone6 plus limited <number> months ago i got it
1,so this <hashtag> iphone 6 </hashtag> is pretty damn tight <number> would have been way too big this is just right
1,i love having my new iphone so happy it finally arrived <hashtag> iphone 6 </hashtag>
1,definitely obsessed with my new iphone6
-1,<user> how do i connect new iphone6 to phone service was told i would get directions w the phone that took a month but none in box
-1,hey <user> i ordered my iphone6 over a month ago what happened to <number> <number> weeks <hashtag> ship it already </hashtag> <hashtag> joke is getting old </hashtag> <hashtag> playing with my emotions </hashtag>
1,why is desktop class big for <hashtag> tiny planet s </hashtag> cause <hashtag> panorama </hashtag> photos are usually pretty huge like the 4 2 mp ones the <hashtag> iphone 6 </hashtag> produces
1,wait my mom got a <hashtag> iphone 6 </hashtag> see ya clamshell
1,got the <number> finally <hashtag> iphone 6 </hashtag>
1,thinking about upgrading my phone to the iphone6 plus hmm i might make tht happen
1,a common courtesy is to cap your iphone6 super slow mo videos of snow falling to one a year
1,<hashtag> first </hashtag> <hashtag> iphone 6 </hashtag> <hashtag> photo </hashtag> off my wifes phone <url>
1,after all the obstacles it has finally arrived <hashtag> iphone 6 </hashtag> <hashtag> no more 4 </hashtag>
1,my new phone is so big but its pretty and wonderful and i love it <hashtag> new phone </hashtag> <hashtag> iphone 6 </hashtag>
1,im pretty happy right now not gonna lie <hashtag> iphone 6 </hashtag> <hashtag> happy </hashtag> <hashtag> jt hilton </hashtag> <hashtag> jt hilton music </hashtag> <hashtag> apple </hashtag> <hashtag> new phone </hashtag> <hashtag> pink </hashtag> <url>
1,<hashtag> iphone 6 </hashtag> maxiscomms at <time> <date> crew delivered to happy customers across msia watch d journey <url> iphone <number>
1,when the world is lost you can feel at home in your head nnnn <hashtag> music </hashtag> <hashtag> thunda mental s </hashtag> <hashtag> iphone 6 </hashtag> <url>
1,got shrimp my <hashtag> condo seniors </hashtag> are impressed with <hashtag> iphone 6 </hashtag> camera <hashtag> food </hashtag> <hashtag> foodie </hashtag> <url>
-1,my <hashtag> iphone 6 </hashtag> has a mind of its own watching tv and all of the sudden its talking to me about the <url>
-1,what is up with having to reboot my iphone6 plus all the time <number> times today whyis trc yt apps freezing up i updated ios8 <user>
-1,steve wozniak the <hashtag> iphone 6 </hashtag> is three years too late <url>
-1,dumbass iphone6 keep cutting off by itself then come back on
1,my iphone6 came today almost <number> days after i ordered it ugh but it rocks incredible amazing
-1,<hashtag> bendgate </hashtag> <hashtag> iphone 6 </hashtag> even though apple has tried to minimize bendgate related iphone <number> issues <url> <hashtag> apple </hashtag> <hashtag> iphone </hashtag>
1,i am in love w my phone <hashtag> iphone 6 </hashtag> <hashtag> duh </hashtag> <hashtag> iphone gang or you suck </hashtag> <hashtag> k bye </hashtag>
-1,i wish android users would have told me how much nicer a big phone is i might have switched <hashtag> too late </hashtag> <hashtag> sarcasm </hashtag> <hashtag> iphone 6 </hashtag>
1,my iphone6 is finally being develiverd thank god
1,hello beautiful <hashtag> iphone 6 </hashtag> <url>
1,looks like christmas came early <hashtag> gold </hashtag> <hashtag> his </hashtag> <hashtag> hers </hashtag> <hashtag> iphone 6 </hashtag> <hashtag> iphone 6 </hashtag> <hashtag> apple </hashtag> i think crazysnipe is <url>
1,my baby will be in thursday im super duper happy nn <hashtag> iphone 6 </hashtag>
1,this is how we label the glassware box n <hashtag> nerd </hashtag> <hashtag> geek </hashtag> <hashtag> gamer </hashtag> <hashtag> gaming </hashtag> <hashtag> destiny </hashtag> <hashtag> ps4 </hashtag> <hashtag> raid </hashtag> <hashtag> iger </hashtag> <hashtag> iphone 6 </hashtag> <url>
-1,already on my 3 rd iphone6 <hashtag> third times a charm </hashtag> <hashtag> cursed </hashtag>
1,finally got a new phone <hashtag> iphone 6 </hashtag>
-1,i have a registration before thats <date> my concern is why i ddint receive any notif that they are going to deliver my renewal iphone6
1,<user> try iphone6
1,finally switched to the iphone6 amazing <hashtag> fit fluent ial </hashtag> <hashtag> ff tech </hashtag>
1,my new phone will be here tomorrow this is a good thing <hashtag> iphone 6 </hashtag>
1,in love with my new <hashtag> iphone 6 </hashtag>
1,i think imma get a new phone this weekend <hashtag> iphone 6 </hashtag>
1,might buy the iphone6
-1,why do i have to keep restarting my phone for my apps and safari to work fix it <user> <user> <hashtag> iphone 6 </hashtag> <hashtag> apple pay </hashtag> <hashtag> apple </hashtag>
1,my dad called to tell me he hasnt had to charge his phone in two days he thinks hes something with his iphone6
1,fyi as predicted my toe thumb makes it difficult to text with one hand but you know what thats ok <hashtag> iphone 6 </hashtag>
-1,this iphone6 sucks fat dick im about to switch to android
1,loving my new iphone <hashtag> iphone 6 </hashtag>
1,finally <user> miguelpiedra21 <hashtag> iphone 6 </hashtag> <hashtag> waited forever </hashtag> <hashtag> i m happy now </hashtag> <url>
-1,the iphone6 is even bigger than nick sabans head
1,6 wks later and i finally have my <hashtag> iphone 6 </hashtag>
-1,butthurt that i have to wait till friday to get the iphone6 cos they dont have it in stock yet everyone else ended up getting a new phone
1,lowkey jelly of everyone with an iphone6
1,picking up my new iphone6 at t in columbia sc <url>
-1,so annoyed at <hashtag> apple </hashtag> and <hashtag> at t </hashtag> waiting forever for my <hashtag> iphone 6 </hashtag> because this 5 s is shit less than a year old and its been full for months
-1,sorry droid made the switch lets hope it lives up to its hype <hashtag> iphone 6 </hashtag> <url>
-1,i cracked the screen on my iphone6 <hashtag> fml </hashtag>
1,a life in music jimmy page <url> via <user> only thing better than an iphone6 is this book
1,in fact im terrified <hashtag> iphone 6 </hashtag>
-1,lol <user> i got this nutass iphone6 plus cuz they didnt have anymore iphone6 smh this phone big as shit
1,finally <hashtag> iphone 6 </hashtag> <hashtag> gold </hashtag> <url>
1,my new phone is finally here <hashtag> iphone 6 </hashtag>
1,<user> i received a follow up phone call from apple after having my <hashtag> iphone 6 </hashtag> replaced at a retail store for bending
1,<hashtag> team iphone 6 </hashtag> <hashtag> iphone 6 </hashtag> nafter <number> years with my iphone <number> the lord has blessed me with an upgrade haha <url>
-1,i got this nutass iphone6 plus cuz they didnt have anymore iphone6 smh this phone big as shit
1,getting that <hashtag> iphone 6 </hashtag> after school tomorrow or whatever
-1,woz tells <user> <hashtag> iphone 6 </hashtag> is <number> years too late <url>
1,been using this phone since <time> and im at <percent> still <hashtag> hell yeah </hashtag> <hashtag> iphone 6 </hashtag>
1,it was such a good mail day today <hashtag> julie ann art </hashtag> <hashtag> victoria secret </hashtag> <hashtag> iphone 6 </hashtag> i am a happy girl
1,new baby <hashtag> iphone 6 </hashtag> <url>
1,new phone <hashtag> sound </hashtag> <hashtag> iphone 6 </hashtag>
1,just ordered my <hashtag> iphone 6 </hashtag> yall in gold naturally my favorite accessory color better blogging pics soon <hashtag> apple </hashtag> <hashtag> f bloggers </hashtag> <hashtag> fashion </hashtag>
1,ahhh iphone6 here i come
1,finally we meet <hashtag> iphone 6 </hashtag> <hashtag> 6 4 g </hashtag> <hashtag> love </hashtag> <url>
1,<user> i just bough mine on friday <hashtag> iphone 6 </hashtag> <hashtag> sprint latino </hashtag> <hashtag> sprint iphone 6 </hashtag> <hashtag> sprint </hashtag>
-1,<hashtag> iphone 6 </hashtag> ldolii blocking wirelurker apple opens the pandoras box of security iphone wirelurke <url> iphone <number>
1,finally i got my iphone <number> <hashtag> new phone </hashtag> <hashtag> iphone </hashtag> <hashtag> iphone 6 </hashtag> <hashtag> finally </hashtag> <url>
1,waiting for the fed ex man whats taking so long <hashtag> iphone 6 </hashtag>
-1,just started using <hashtag> iphone 6 </hashtag> for first time battery feels like an open vein
1,<hashtag> iphone 6 </hashtag> baby <url>
1,ive been there since the beginning <hashtag> iphone </hashtag> <hashtag> iphone 6 </hashtag> <hashtag> dedication </hashtag> <url>
-1,<user> why have home as default title for phone <hashtag> s </hashtag> in contacts have to change to mobile every time get with the times <hashtag> iphone 6 </hashtag>
1,i love the iphone6
1,im <hashtag> all about that bass </hashtag> only the plus size would do <hashtag> iphone 6 plus </hashtag> <hashtag> whole lotta rosie </hashtag> <hashtag> big hands </hashtag> <hashtag> iphone 6 </hashtag> <url>
-1,<user> apple would have to make an exception that the iphone6 can play ipad apps and that still wouldnt work most probably
1,lovin the new phone <hashtag> iphone 6 </hashtag>
1,cant put my phone down <hashtag> iphone 6 </hashtag>
-1,<user> i was thinking about getting one but just got the new <hashtag> iphone 6 </hashtag> and im not sure i really like <hashtag> apple </hashtag> products
1,when <hashtag> canon </hashtag> <hashtag> 1 <sad> </hashtag> has the night off <hashtag> hdr </hashtag> <hashtag> photography </hashtag> <hashtag> iphone 6 </hashtag> is fun too riverview golf course <url>
-1,<user> what is a home email shouldnt it be personal and business emails <hashtag> iphone 6 </hashtag> contact settings
1,look what i just got in the mail only took a month to get here <hashtag> iphone 6 </hashtag> <hashtag> apple </hashtag> <hashtag> phone </hashtag> <url>
1,yo guys i got it <hashtag> iphone 6 </hashtag>
1,<user> note edge to release now thats the iphone6 killer plus i hear only 1 m will be made so yeah that one is rare s4 is still a killer <number>
1,when it comes to <user> <user> is no competition lol idgaf how many iphone6 they sold the features r still the same but im waiting on
1,iphone <number> already driving ios enterprise share gains for apple <url> <hashtag> apple </hashtag> <hashtag> iphone </hashtag> <hashtag> iphone 6 </hashtag>
-1,what apple doesnt want you to know about <hashtag> iphone 6 </hashtag> <url> by <user> <url>
1,<hashtag> iphone 6 </hashtag> its here its official here <hashtag> happy </hashtag> <url>
1,the iphone6 is here i love it already
1,proud new owner of one of these babies <hashtag> iphone 6 </hashtag> <url>
1,finally getting my iphone6 today
1,was fighting the urge to want an iphone6 but now i want it
-1,<number> worst features of <hashtag> iphone 6 </hashtag> n <hashtag> tech </hashtag> <hashtag> iphone </hashtag> <hashtag> ios </hashtag> <hashtag> ios8 </hashtag> <url> <url>
1,i also love the camera on the iphone6 its awesome n <hashtag> fall </hashtag> <hashtag> fun </hashtag> <hashtag> my girls </hashtag> <hashtag> leaves </hashtag> <url>
1,<hashtag> iphone 6 </hashtag> pegatron reportedly eyed for iphone <number> plus production to help apple meet demand <url>
-1,pretty happy i got the s5 and not the lame ass iphone6
-1,my <hashtag> iphone 5 </hashtag> is slowing headed towards its last days <user> where is my <hashtag> iphone 6 </hashtag> <hashtag> it s been two weeks already </hashtag>
1,<number> <number> men prefer an iphone6 over a girl rt <user> man buys <number> iphones to propose she says no <url> <url>
1,uugh my <hashtag> iphone 6 </hashtag> has been shipped anxiously waiting like a child waits for christmas morning like <url>
1,hello sixy happy birthday to me <hashtag> iphone 6 </hashtag> <url>
-1,i officially cannot type and eat a banana at the same time <hashtag> iphone 6 </hashtag> <hashtag> small hands </hashtag>
1,yay been waiting for this for a month <hashtag> iphone 6 </hashtag> <hashtag> space gray </hashtag> <hashtag> new phone </hashtag> <hashtag> apple </hashtag> <url>
1,from <user> new devices help <hashtag> ios </hashtag> steal enterprise share from <hashtag> android </hashtag> <percent> <hashtag> iphone 6 </hashtag> <percent> <hashtag> iphone 6 plus </hashtag> <url>
-1,whats the point with a big screen when you cant see more my old 8 0 x24 xterms could show <number> <number> times the twitter app on iphone6
1,finally <hashtag> iphone 6 </hashtag> <url>
1,<hashtag> iphone 6 </hashtag> iphone <number> already driving ios enterprise share gains for apple <url>
-1,<hashtag> faulty flash </hashtag> <hashtag> iphone 6 </hashtag> apparently there are users reporting a faulty flash memory issue wi <url> <hashtag> apple </hashtag> <hashtag> iphone </hashtag>
1,might be getting the iphone6 today <hashtag> team iphone </hashtag> good choice or na
1,iphone6 plus or iphone <number> hmmm
1,my baby is here <hashtag> iphone 6 </hashtag>
1,woot just bought an <hashtag> iphone 6 </hashtag> now ship to me and i can see how gigantic you really are
1,ive been up <number> hours and i still have <percent> battery <hashtag> new phone </hashtag> <hashtag> iphone 6 </hashtag>
-1,pluses of the iphone6 plus its too big to take out easily so ill use my phone less
1,<hashtag> iphone 6 </hashtag> apple assembler pegatron reportedly ramping up iphone <number> production adding iphone <number> plus to meet demand <url>
1,notability updated with ios <number> compatibility iphone <number> <url> <hashtag> iphone 6 </hashtag> <url>
1,<hashtag> iphone 6 </hashtag> iphone <number> <number> plus increase ios enterprise share at the expense of android <url> <url>
1,apple iphone <number> plus review big bold and beautiful <url> <hashtag> iphone 6 </hashtag> <url>
-1,<hashtag> post </hashtag> <hashtag> bendgate </hashtag> <hashtag> iphone 6 </hashtag> even though apple has tried to minimize bendgate related iphone <number> issues <url> <hashtag> blog </hashtag>
-1,this is the device preventing me from buying an iphone6 <url>
1,my iphone <number> ui lockscreen <hashtag> iphone 6 </hashtag> <hashtag> ios81 </hashtag> just amazing <url>
1,back with apple <hashtag> iphone 6 </hashtag>
-1,<user> however ive been forcing myself to use inbox mailbox constantly crashes my my iphone6
1,i was with you for <number> years it was fun but now i found somebody younger goodbye <hashtag> iphone 4 s </hashtag> hello <hashtag> iphone 6 </hashtag>
1,its finally here <hashtag> iphone 6 </hashtag> <url>
-1,never thought getting an <hashtag> iphone 6 </hashtag> would be such a hassle been waiting <number> months still no inventory at <user> youre killing me apple
1,my iphone6 is in
-1,okay does anyone elses <hashtag> iphone 6 </hashtag> screen turn sideways and not turn back unless you close the app and restart it <hashtag> pissed </hashtag>
1,it feels good to have a phone that actually works <hashtag> iphone 6 </hashtag>
1,pegatron reportedly boosting iphone <number> production adding iphone <number> plus to meet strong demand <url> <hashtag> apple </hashtag> <hashtag> iphone 6 </hashtag>
-1,iphone6 for dummies note <number> for the more complex
-1,bendgate claims yet another <hashtag> apple </hashtag> fans <hashtag> iphone 6 </hashtag> even though applehas tried to minimizebendgate related <url>
-1,no question the <hashtag> iphone 6 </hashtag> is the best yet but there are some things that <hashtag> apple </hashtag> could learn from <hashtag> blackberry </hashtag> <url>
-1,everybody trading in they damn phones for the iphone6
-1,fact that the shipping on this iphone6 is <number> 8 weeks
1,i cant wait until my new <hashtag> iphone 6 </hashtag> gets here this week my <number> is downright beat <hashtag> dead phone </hashtag> <hashtag> technology and stuff </hashtag>
-1,<hashtag> faulty flash </hashtag> <hashtag> iphone 6 </hashtag> apparently there are users reporting a faulty flash memory issue within their new <url> <hashtag> iphone </hashtag>
1,<hashtag> iphone 6 </hashtag> vicbelen24 after holding it in my own hands i have to confess im in love with the sa <url> iphone <number>
1,after holding it in my own hands i have to confess im in love with the <hashtag> iphone 6 </hashtag> samsung galaxy owner
1,and those videos <user> i love my iphone6
1,me too <user> i love my iphone6
1,i love my iphone6
1,just realised i can film and edit my vlogs on my iphone <number> and its easy editing on the go <hashtag> vlogger problems solved </hashtag> <hashtag> iphone 6 </hashtag> <hashtag> youtube </hashtag>
1,yaay <hashtag> iphone 6 </hashtag> <hashtag> japan </hashtag> <url>
1,tomorrow <hashtag> iphone 6 </hashtag>
-1,by the time my back ordered iphone6 arrives iphone7 will be out
1,bouta go too sprint for that iphone6 fridayn <hashtag> need a new fone n </hashtag> <hashtag> tx me tho </hashtag>
1,back to the world of apple got me an <hashtag> iphone 6 </hashtag>
-1,they say the <hashtag> iphone 6 </hashtag> is the best smart phone why does it absolutely cook when playing xcom on it these are <hashtag> iphone 4 </hashtag> level visuals <sad>
1,<hashtag> iphone 6 </hashtag> <hashtag> 6 plus </hashtag> this year the arrival of the next iphone device was incredibly hyped and in the ned <url> <hashtag> iphone </hashtag>
1,<hashtag> iphone 6 </hashtag> <hashtag> iphone 5 s </hashtag> the iphone <number> is the newest handset from apple and it does offer some pretty nic <url> <hashtag> apple </hashtag>
-1,<hashtag> post </hashtag> <hashtag> faulty flash </hashtag> <hashtag> iphone 6 </hashtag> apparently there are users reporting a faulty flash memory issue wit <url> <hashtag> blog </hashtag>
-1,<hashtag> iphone 6 </hashtag> rullymarleey apparently there are users reporting a faulty flash memory issue within t <url> iphone <number>
-1,<hashtag> iphone 6 </hashtag> the iphone <number> plus bendgate disaster was one of the biggest disappointment of the year where <url> <hashtag> iphone </hashtag>
1,<hashtag> post </hashtag> <hashtag> iphone 6 </hashtag> <hashtag> iphone 5 s </hashtag> the iphone <number> is the newest handset from apple and it does offer some pre <url> <hashtag> blog </hashtag>
1,<hashtag> iphone 6 </hashtag> paulogomezzz this year the arrival of the next iphone device was incredibly hyped <url> iphone <number>
1,<hashtag> post </hashtag> <hashtag> iphone 6 </hashtag> <hashtag> 6 plus </hashtag> this year the arrival of the next iphone device was incredibly hyped and i <url> <hashtag> blog </hashtag>
1,<user> work while studying*n earning money*n able to buy vip tix to concerts*n buy iphone6*n <hashtag> what i want </hashtag>
1,iphone6 for christmast gift v uh ohhhhh
1,only a few more days until i should have my new <hashtag> iphone 6 </hashtag> and cant wait cc <user>
1,otw to see iphone6 pluse
-1,the iphone6 doesnt even feel like the iphone <number> to me anymore
-1,need a new phone sick of mine playing up and getting messages two days later <hashtag> iphone 6 </hashtag>
1,hopefully getting an iphone6 today
1,i have my new iphone6 now omg so fun
1,gimme this one iphone6 omg <user>
1,<user> now that i have the iphone <number> it feels like im holding a miniature phone when i use other peoples 4 s <hashtag> that use to be me </hashtag> <hashtag> iphone 6 </hashtag>
-1,they simply ignore most <hashtag> brilliant </hashtag> <hashtag> features </hashtag> of these <hashtag> mobiles </hashtag> comparing to <hashtag> apple s </hashtag> <hashtag> iphone </hashtag> i simply disgusted on defending <hashtag> iphone 6 </hashtag>
1,rt <user> rt <user> rt <user> rt <user> yup rt <user> this iphone6 battery life is amazing
1,she will be attracted to you when you get her the new iphone6 ladies have been attracted to apple products since the days of eve
1,got a iphone6
1,so glad to finally have a new phone <hashtag> iphone 6 </hashtag>
1,momma said shes buying me the iphone6 real mvp
1,i have joined the ranks of iphone <number> users <hashtag> no shame </hashtag> <hashtag> iphone 6 </hashtag>
1,iphone6 battery is such a turn on
1,finally got my iphone6 geez that took a million years
1,yesss i got my <hashtag> iphone 6 </hashtag> now i just have to wait until work is over so i can go activate it
1,bought myself an early birthday present <hashtag> iphone 6 </hashtag>
1,rt <user> yes <user> yup rt <user> this iphone6 battery life is amazing
1,<user> new iphone6 wow
1,rt <user> <time> iphone6 please ❤️
1,<time> iphone6 please ❤️
1,rt <user> this iphone6 battery life is amazing
1,rt <user> yup rt <user> this iphone6 battery life is amazing
1,<user> parents ordered that gold iphone6 for me love them spoiled
1,yes <user> yup rt <user> this iphone6 battery life is amazing
1,parents ordered that gold iphone6 for me love them
1,yup rt <user> this iphone6 battery life is amazing
1,this iphone6 battery life is amazing
1,rt <user> if anyone plans to get me a surprise gift iphone6 would be nice thanks
1,this week been on some bullshit just cracked the screen on my phone hope im due for that upgrade <hashtag> iphone 6 </hashtag>
1,sooo the iphone <number> isnt as bad as i thought cut was gonna be i kinda like to be honest with u <hashtag> still early tho </hashtag> <hashtag> iphone 6 </hashtag>
1,<hashtag> iphone 6 </hashtag> this is the shit thought it might b too big but it fits like a glove im in ❤️ ❤️ ❤️ ❤️
1,my current phone is <number> 3 inch while iphone6 plus is <number> 5 inch so size is not a problem
1,rt <user> thanks to the <user> family for my new <hashtag> iphone 6 </hashtag> keeping me in touch with world thanks a million
1,on the third day of christmas i gave myself a new iphone <hashtag> iphone 6 </hashtag> <hashtag> christmas </hashtag>
1,rt <user> all i want for christmas is iphone6 dinheiro roupa playstation
1,<user> <user> guy iphone6 on my mind i want that gold one i wanna buy it for that gal be fast sha
1,i rlly want a iphone6 so badly but i know its almost impossible <sad>
1,if anyone plans to get me a surprise gift iphone6 would be nice thanks
1,if everything works out i should get a new phone today <hashtag> iphone 6 </hashtag> <hashtag> iphone 6 plus </hashtag>
1,<user> guy iphone6 on my mind i want that gold one i wanna buy it for that gal
1,<user> iphone6 next
1,<user> hey if att really cares you guys will send me a free iphone6 or note <number> ill switch my service asap xmas is around the corner
1,i hopefully will be getting my rug for my room and my <hashtag> iphone 6 </hashtag> today
1,stop complaining my phone lag please buy me iphone6 la
-1,iphone6 autocorrect be tryna capitalize every gotdamn word bruh like every letter all caps
1,watch im bout to get the iphone6 just wait after my kids christmas out the way
-1,my finishing work drinking till 5 th mood has been throughly dented by hearing a 9 yr old on the radio wanting an iphone6 for christmas ffs
1,so exited to get the iphone6 plus on christmas day not long now <hashtag> iphone 6 plus </hashtag> <hashtag> christmas time </hashtag>
1,<user> used to be on o2 net is great with em upgrading to iphone6 with you its been at crawling speed tenerife has 4 g even
1,thank you <number> the special iphone6 really2 luv you mmmmmuuuuaaahhhhh
1,so im guessing the iphone6 is somewhat in a way waterproof bc i just dropped mine in the tub while washing my dog but the bish is ok
1,ima get me an nesha an mell the iphone6 by feb1st but they have to pay their bill
1,dear santa please keep one of these under my pillow for this christmas note edge iphone6 droid turbo or m8 d
1,rt <user> <user> wooooooooooooo wow wow love iphone6 <hashtag> love bhi gifts bhi </hashtag>
1,<user> wooooooooooooo wow wow love iphone6 <hashtag> love bhi gifts bhi </hashtag>
1,<user> on tomirrow iphone6 wiw <hashtag> love bhi gifts bhi </hashtag>
-1,turns out the <hashtag> iphone 6 </hashtag> does bend even in a solid case
1,<user> ooooohhhhhhhhhh myyyyyyyyy gooooooddddd an iphone6 this is <hashtag> epic </hashtag> <hashtag> love bhi gifts bhi </hashtag>
1,<user> iphone6 i knew it <hashtag> love bhi gifts bhi </hashtag>
1,rt <user> dear daddy im craving for iphone6
1,everybody getting the iphone6
1,<user> i would love an <hashtag> iphone 6 </hashtag> under my tree lol
-1,do not get the iphone6 if you drive a mercedes or bmw it does not connect with bluetooth <hashtag> apple sucks </hashtag>
1,hey brother <user> maybe youll get an iphone6 for christmas from me that all depends on <user> of course <wink> <hashtag> t2 christmas </hashtag>
1,i think my mom is getting me an iphone6 but in all honesty i have no interest in owning one
1,iphone6 battery its heaven
-1,my fitbit charge seems to register 2 x the amount of steps that my iphone6 does in healthkit convinced neither are accurate
-1,ma really got the iphone6 plus she in the way cause i dont fuck with iphone6 lmaoo
1,the iphone6 plus is sooo naarce i want checks <number> budget
-1,well i still dont know how to use iphone6
-1,since i got the <hashtag> iphone 6 </hashtag> i seem 2 b having issues taking screen shots end up turning off the phone instead what am i doing wrong
1,iphone6 yasssss
1,as apple fanboy i liked <hashtag> iphone 6 plus </hashtag> than <hashtag> iphone 6 </hashtag> its first time i got hold of iphone6 also played with <hashtag> lumia535 </hashtag> saw some lag in
-1,frustrated i cant get the bluetooth on my iphone <number> to sync with my wireless speakers and <hashtag> fitbit </hashtag> anyone else have these issues <hashtag> iphone 6 </hashtag>
1,i have the iphone6 thinking about getting the plus now
1,i been thinking buying the new <hashtag> iphone 6 </hashtag> please say what you think about it <happy>
-1,its getting easy to spot which pictures were taken with an iphone6 it has a weird watercolor effect to it from aggro noise reduction
-1,cant get used to touch id <hashtag> iphone 6 </hashtag>
1,co <user> co rt <user> i think i want an iphone6
1,<hashtag> iphone 6 </hashtag> for xmas wnt be bad not in this <hashtag> mahama </hashtag> xmaswhere <hashtag> ecg </hashtag> has started giving notice tht we should start ironing our <hashtag> christmas </hashtag> clothes
1,<user> <user> co rt <user> i think i want an iphone6
1,stupidly dropped my iphone6 in the toilet last thurs rang <user> insure friday they picked it up on monday today i have a new phone happy
1,co rt <user> i think i want an iphone6
-1,rt <user> cam broke his new iphone6 while im here who cant even get an iphone5
1,i wish that you can get it <happy> believe to god n never giveup <user> <user> i wish someone gift me a new phone is <number> iphone6
1,me agnes and ziying all have gold iphone6 hahahahahahaha
-1,vodafone weve sold out of iphone6 and <number> but you can have our most popular phone the s5 for free if its most popular why not sold out
-1,rt <user> the iphone6 is too big a lot of people dont like it well bitch i am not a lot of people to you your opinion cou
-1,rt <user> azin iphone6 <user> come hv it <user> <user> i hate tweeting with iphone its no funn
1,so one of my first christmas present already open <hashtag> iphone 6 </hashtag>
1,<user> on the 3 rd day of christmas my gave to me iphone6
1,<user> i think i want an iphone6 me too but telkom decided to cockblock
1,<user> i think i want an iphone6
1,i think i want an iphone6
1,loving my new <hashtag> iphone 6 </hashtag> <hashtag> apple fam for life </hashtag>
-1,<user> how do you like iphone6 so far
1,iphone6 soon youll be mine
1,all i want for christmas is just album concert ticket cute clothes fab clothes iphone6 and ofcourse money thats all yay
1,and suddenly he became an apple fan <hashtag> apple </hashtag> <hashtag> iphone 6 </hashtag> <hashtag> black </hashtag>
1,all i want for christmas is iphone6 dinheiro roupa playstation
-1,i want a sony <user> sony xperia z3 or iphone6 or samsung galaxy s5
1,non kpop fans i want iphone6 kpop fans i just want to see my bias in personal <number>
1,iphone6 by end of this month yea nigga
1,hopefully i can get my iphone6 plus by friday
1,iphone6 work phone approved <hashtag> decent </hashtag> glad i have the sony xperia for christmas though awesome phone
1,<user> <user> the whole time im thinking about the iphone6 flexible
1,<user> iphone6 bro
-1,rt <user> apple should release an iphone6 compact not everyone wants to walk around with a brick
1,<hashtag> android </hashtag> still pretty much sucks with lollipop i am using my <hashtag> moto x </hashtag> for a door stop my <hashtag> iphone 6 </hashtag> is <hashtag> righteous </hashtag> <hashtag> android sucks </hashtag>
-1,azin iphone6 <user> come hv it <user> <user> i hate tweeting with iphone its no funnn give me
1,the fact that i have an iphone6 takes some serious getting used to
1,new iphone <number> coming today whoop whoop <hashtag> iphone 6 </hashtag> <hashtag> new phone </hashtag>
-1,<number> iphone <number> next year to replace 5 c rt <user> apple should release an iphone6 compact not everyone wants to walk around with a brick
-1,<user> apple should release an iphone6 compact not everyone wants to walk around with a brick
1,got a new <hashtag> iphone 6 </hashtag> text me who r
1,<hashtag> iphone 6 </hashtag> im back bitches d d
-1,apple should release an iphone6 compact not everyone wants to walk around with a brick
-1,cracked my iphone <number> screen and ive only had it since late september worst thing ever <hashtag> cracked iphone 6 </hashtag> <hashtag> iphone 6 </hashtag> <hashtag> sadness </hashtag> <hashtag> ugh </hashtag>
1,rt <user> this new iphone6 is great thanks to <user> for send these out to us now if i could remember all of my passwords ht
1,ma iphone6 lang this christmas ha
1,rt <user> i miss being able to hold a cellphone in one hand <hashtag> iphone 6 </hashtag>
-1,rt <user> iphone6 prices in ghc no be joke oo
1,team iphone6 i love it ☺️
1,got my new phone iphone6 yay
1,im getting an iphone6 for christmas <hashtag> what are you getting for christmas </hashtag>
-1,its better than iphone6 hahahahaha
1,<user> i will be d happiest person alive kekeke <user> grandma buy me iphone6 heheh
-1,the iphone6 is too big a lot of people dont like it well bitch i am not a lot of people to you your opinion could be shoved up ur ass
1,so glad apple gave me a brand new phone hallelujah <hashtag> apple </hashtag> <hashtag> iphone 6 </hashtag>
-1,i should stop insisting for an iphone6 and just get an iphone5s zz
-1,my hands actually ache <hashtag> iphone 6 </hashtag> <hashtag> buyers remorse </hashtag> why would <hashtag> apple </hashtag> try and ape a droids ungainly size <hashtag> foolish mistake </hashtag>
-1,how did you get it rt <user> <user> like <number> million rt <user> iphone6 prices in ghc no be joke oo i am selling one at gh <money> <number>
1,and its here <hashtag> gold </hashtag> <hashtag> iphone 6 </hashtag> <hashtag> beautiful </hashtag>
-1,a no go lie u herh <user> iphone6 prices in ghc no be joke oo
-1,<user> i tell u <user> iphone6 prices in ghc no be joke oo lol
-1,rt <user> like <number> millionnn rt <user> iphone6 prices in ghc no be joke oo
-1,<user> there is nothing worse than working on <hashtag> blackberry </hashtag> <hashtag> passport </hashtag> and switch to <hashtag> iphone 6 </hashtag> to check private mails on its narrow display
1,just sent normal sms using macbook thanks a ton <hashtag> apple </hashtag> no need to use phone keyboard love it <hashtag> iphone 6 </hashtag> <hashtag> ios8 </hashtag>
-1,like <number> millionnn rt <user> iphone6 prices in ghc no be joke oo
-1,i tell u <user> iphone6 prices in ghc no be joke oo
-1,iphone6 prices in ghc no be joke oo
-1,<user> yes i think <user> has seen issues with iphone6 image quality worse than 5 s <user>
-1,better buy a ps4 than iphone6 decided
1,all i want for christmas is the gold iphone6 and some sephora gift cards
-1,<user> <user> no lehh note <number> camera better than iphone6 lehhh
1,i love iphone6 battery hahahaha
1,<user> i also wonder if it will support multiple ipad iphone screens at the same time iphone6 ipad combo would be great
1,everybody will say aww i want iphone6 so badly but me aww i want amount of muneyyy
1,so happy i bought the iphone6
1,ima get me an iphone6 plus
1,i find it very distasteful that a girl asked for an iphone6 on the morning radio christmas phonein she was about 1 1 yrs old ffs <hashtag> is it just me </hashtag>
1,missed my iphone6 so mich
-1,cam broke his new iphone6 while im here who cant even get an iphone5
1,good things come to those who wait rt <user> i dont know if i should continue waiting for this damn iphone6 or just get something else
1,what do i want for christmas iphone6 of course
1,loving my new phone <hashtag> iphone 6 </hashtag> <hashtag> love </hashtag> <hashtag> merry christmas to me </hashtag>
1,<user> bring iphone6 <happy> <hashtag> love bhi gifts bhi </hashtag>
1,my dad got an iphone6 mine tomorrow <wink>
1,im starting to like the size of the iphone6 kind of reminds me of thee ole gameboy advanced
1,i love my new <hashtag> iphone 6 </hashtag>
1,<user> no i cant wait for my iphone6 lah sighhhhhhhhhh
1,typing is an absolute dream on <hashtag> iphone 6 </hashtag>
1,mom i want an iphone6 for my new year present
1,rt <user> i love my <hashtag> iphone 6 </hashtag>
1,i love my <hashtag> iphone 6 </hashtag>
1,last few days with my <hashtag> iphone 5 </hashtag> soon be <hashtag> iphone 6 </hashtag> time
-1,i hate my gold iphone6 i want the black grey one
1,wrote iphone6 gold 1 2 8 gb is waiting for u on my stick note during the exam just to wake me up ergh
1,<user> i am going to bed bæ i know u r still on twitter ily more than anything <happy> btw i got the iphone6 plus night
1,<user> im trying to get the iphone6 hopefully soon
-1,i gave in and have my first iphone so far good experience but its unique charger is just so stupid <hashtag> iphone 6 </hashtag> <hashtag> joined the dark side </hashtag>
1,ayy got an iphone6 yasss
-1,my phone is on the fritz idk whats wrong but <hashtag> verizon wireless </hashtag> you are gonna need to help me <hashtag> iphone 6 </hashtag>
-1,dawg this iphone6 sucks im going back to my cracked <number> i aint have as many glitches with that as i do with the <number> and its cracked hella
1,iphone6 <hashtag> lucky girl </hashtag> <hashtag> can t wait </hashtag> <number>
1,dreamt of having an iphone6 lol wtf
1,aba iphone6 for my birthday
1,iphone6 get
1,welcome to iphone6
1,<user> listen i being the <hashtag> biggest </hashtag> <hashtag> apple </hashtag> <hashtag> fan </hashtag> ever <happy> i have not been able to own an <hashtag> apple </hashtag> <hashtag> products </hashtag> till now just gift <hashtag> iphone 6 </hashtag> to me
1,kay i really need a job if i want this iphone6
1,pretending the signal is weak just to show the world that they have new iphone6 <hashtag> push mo yan te </hashtag>
1,iphone6 <user> whats the most expensive thing youve gotten from someone <hashtag> i gat class angeltee solidstar </hashtag> <hashtag> dia dal unisex saloon </hashtag>
1,iphone6 <hashtag> love bhi gifts bhi </hashtag> <user>
1,planning to upgrade to iphone6 plus planning
-1,whenever i check for iphone6 stocks theyre always oos within a few hours and then when i browsed thru carousell now i know why
1,iphone <number> rumors this thing is going to be an insane machine
1,<number> days im waiting you my iphone6
1,<time> and still <percent> <hashtag> iphone 6 </hashtag>
-1,can we actually use a phone as a phone again just for calls <hashtag> just asking </hashtag> <hashtag> kuwait </hashtag> <hashtag> iphone 6 </hashtag> <hashtag> apps </hashtag> <hashtag> stress free </hashtag>
1,soo happy with my iphone6 <hashtag> it was time for a upgrade </hashtag> <hashtag> early christmas gift </hashtag> <hashtag> yay </hashtag>
-1,rt <user> there would be no hesitation if iphone6 looks like iphone5
1,happy with my new toy <happy> <hashtag> iphone 6 </hashtag> <hashtag> apple </hashtag>
1,i love how old people get so fascinated when i use my apple pay <hashtag> apple </hashtag> <hashtag> iphone </hashtag> <hashtag> iphone 6 </hashtag> <hashtag> old people </hashtag>
1,merry christmas to me <hashtag> iphone 6 </hashtag>
-1,had the worse dream some kid smashed my iphone <hashtag> horrific </hashtag> <hashtag> iphone 6 </hashtag>
1,my battery last about two days i swear <hashtag> iphone 6 </hashtag>
1,all i wanted for christmas was the iphone6 but my parents dont wanna get me it now bc of <number> bad grade <sad>
-1,lwkmd rt <user> iphone6 is out alert <user> my iphone screen been blurry since yesterday what could be the cause anyone
-1,iphone6 is out alert <user> my iphone screen been blurry since yesterday what could be the cause anyone
1,loving my new phone <hashtag> iphone 6 </hashtag>
1,the battery life on iphone6 is the real mvp
1,when its been so long since youve had wifi you tend to freak out when you have a new one <hashtag> iphone 6 </hashtag> <hashtag> wifi </hashtag> <hashtag> love it </hashtag> <hashtag> data for dayz </hashtag>
-1,try to set up my new <hashtag> iphone 6 </hashtag> is almost impossible
1,this iphone6 got twitter looking like a movie on a flat screen
1,1 2 4 g iphone6 i love my mama
-1,there would be no hesitation if iphone6 looks like iphone5
1,i been on my phone <number> hours straight lmao im addicted to my iphone6 lmao shrugs true iphone lover lol
1,so im gonna be phone less for like a day bc i have to be surprised on christmas when i get the iphone6
1,<user> today is day1 with my <hashtag> iphone 6 </hashtag> impressed with the battery life so far <hashtag> still buying a battery case </hashtag>
-1,i be mad af at the people with iphone6 i be like i dont really like the iphone <number> anyways
1,iphone 4 s to 5 s was a big jump in speed but 5 s to <number> is a huge leap in speed and performance <hashtag> iphone 6 </hashtag> <hashtag> mind blown </hashtag>
1,wishing my best january <hashtag> birthday </hashtag> <hashtag> holiday </hashtag> <hashtag> gift </hashtag> <hashtag> iphone 6 </hashtag> <wink>
1,really digging the iphone6 not a big fan of big phones but this one isnt too bad
1,when i first got my iphone5c i thought my camera could get no better well the new iphone6 camera makes my camera look poo
1,loving this new iphone6
1,jacky is the best sister in law she is talking my mom into getting me the iphone6
-1,do you want an iphone6 for christmas hahaha no thx
1,im really debating on getting the iphone6 i want it
1,all i want for christmas is an iphone6
1,rt <user> i want an iphone6 my phone keeps hanging i hate this phone
1,im so happy because i finally got a new phone <hashtag> iphone 6 </hashtag> <happy>
-1,cant believe im already on my 3 rd iphone6
1,i want an iphone6 my phone keeps hanging i hate this phone
1,just got my new iphone6 though
-1,iphone6 is so fucking huge
-1,okay the iphone6 has so many glitches like i love it but
1,mom got me the iphone6 but i have to wait for xmas so happy but like grrr
1,rt <user> i want a suprise iphone6 for my birthday
1,i want a suprise iphone6 for my birthday
-1,if apple tech support cannot get their most expensive iphone working then what good are they <hashtag> apple </hashtag> iphone6
1,new today <hashtag> iphone 6 </hashtag>
1,rt <user> damn the iphone6 is fast
1,damn the iphone6 is fast
-1,<user> give me my iphone5 backkkkkk this is toooo biggggggggggggg my thumbs hurt <hashtag> iphone 6 </hashtag> <hashtag> first world problems </hashtag>
-1,omgggg my hands are too small to text on the <hashtag> iphone 6 </hashtag> comfortably <hashtag> first world problems </hashtag>
1,my dream come true its iphone6
1,i want the iphone6 soooo bad i got to wait next month
1,i love my <hashtag> iphone 6 </hashtag> <number> weeks and it has not fell
-1,rt <user> an iphone6 is basically the price of a macbook pro now not sure i fully understand that logic
1,<user> ill get silver iphone6 <user>
-1,my phone stay glitching now but i dont want the iphone6 just yet
1,got the iphone loving it and can fit in my hands <hashtag> iphone 6 </hashtag>
-1,how has <hashtag> apple </hashtag> planned to fix group tests imessages im unable to send anything on group threads <hashtag> iphone 6 </hashtag> <hashtag> iphone </hashtag> <hashtag> ios </hashtag> any fix available
1,did my mom really just get the iphone6
1,love how long the battery lasts on my iphone6
1,official iphone6 lover ♥️
1,i need the iphone6 foreaal just for the 1 2 8 gb since i never have room in my phone literally have to delete stuff just to take a pic
1,what a relief <hashtag> iphone 6 </hashtag> <hashtag> apple user again </hashtag>
1,never seen my mom so juiced for the iphone6 plus
1,sometimes you just have to spoil yourself <hashtag> iphone 6 </hashtag> <hashtag> best medicine </hashtag>
1,<hashtag> galaxy note 4 </hashtag> <user> my most loved feature is its adaptive fast charging mammoth battery iphone6 users eat your heart out <tong> lol
1,i need bigger phone i mean iphone6 plus urghh
1,got my new iphone6
1,got the <hashtag> iphone 6 </hashtag> despite <user> best efforts to deny me the <user> store had no problem accommodating me phones unlocked too
-1,im super happy with my new lg volt its no iphone6 but it has a lot of great features it will do the job
1,just came home to my iphone6 so nice to have a good working phone
-1,broke my phone for the 2 nd time in <number> weeks ugh this time just bought an iphone6
1,wow im getting tired of this shit im just gonna tell my grandma to get an iphone6 tomorrow since my mom hasnt given me shit
-1,an iphone6 is basically the price of a macbook pro now not sure i fully understand that logic
-1,does anybody elses volume change randomly when listening to music on the <hashtag> iphone 6 </hashtag> <hashtag> apple </hashtag>
1,gotta bring up all my grades then i get iphone6
1,omg charging with iphone6 cable freaking fast lol and its not even with the charger head its just the cable wtf
-1,<user> srry if the quality isnt too good it was taken with a iphone6 camera
-1,dear iphone6 im so sorry we cant be together because your price
1,iphone6 ☺️
-1,whats the thing called when you swipe down on your phone and notifications come up my phone stopped doing that unless its locked <hashtag> iphone 6 </hashtag>
1,just want my iphone6 man
1,all my fam surprised me for dinner and parents got me and iphone6 and all my friends are amazing feelin so loved
1,i want the iphone6 now my dumb self shouldve gotten it two months ago when they asked me
1,sleep with <percent> charge and wake up with <percent> charge after <number> hours with wi fi switched on <hashtag> iphone 6 </hashtag> <hashtag> apple </hashtag>
-1,is there a problem with my iphone6 or this <user> is making it difficult for my voice to be heard on the other line
1,rt <user> everything looks so much better on my iphone6
1,i love my new phone we both got new phones today <hashtag> iphone 6 </hashtag> <hashtag> galaxy 5 </hashtag> the little things
1,i love my phone <hashtag> iphone 6 </hashtag>
1,currently ordering my iphone6
1,waiting for my customized iphone6 to come in
1,getting my number changed when i get this iphone6
-1,the iphone6 is a piece of shit
-1,fuck dat iphone6 they be tracking niggas
-1,i dont want my phone doing the bend and snap then break my nose <hashtag> apple fail </hashtag> <hashtag> iphone 6 </hashtag>
1,my grandma just told me shes buying me the iphone6 plus
1,got me an iphone <number> today oh yeah <hashtag> styling </hashtag> <hashtag> iphone 6 </hashtag> <hashtag> target </hashtag> <hashtag> deals </hashtag> <hashtag> love it </hashtag>
1,my mom bought my dad an iphone6 when he barley knew how to use his old tracphone this should be interesting
1,iphone6 is heaven <hashtag> woah </hashtag>
-1,<hashtag> iphone 6 </hashtag> does anyone elses suddenly go dim brighter dim brighter set to full brightness too yet this happens intermittently annoying
-1,the iphone6 is too damn big not being able to text holding the phone with one hand annoys my life <hashtag> 1 st world problems </hashtag>
-1,adjusting to the iphone6 is annoying me
-1,so i cracked my phones screen <hashtag> iphone 6 </hashtag> <hashtag> broken screen </hashtag> <hashtag> sad </hashtag> <hashtag> apple </hashtag>
-1,<user> any idea when will you ship the order <number> today broke my iphone6 as dont have any protector and still waiting
1,like you got a iphone6 and a black in your mouth dont tell me you dont got money for some headphones
-1,i was due for an upgrade <number> months ago why have i not gotten the iphone6
1,im team iphone6 now
